<simulation>

 <node_settings/>

<mobility><position_change><node_id>39</node_id><start_time>0.0</start_time><end_time>5.747000000000001</end_time><destination><xpos>462.7967299739079</xpos><ypos>396.8188692268038</ypos></destination></position_change><position_change><node_id>80</node_id><start_time>0.0</start_time><end_time>6.823999999999998</end_time><destination><xpos>102.10933644418415</xpos><ypos>110.52478351249408</ypos></destination></position_change><position_change><node_id>0</node_id><start_time>0.0</start_time><end_time>13.203999999999999</end_time><destination><xpos>115.7668748778288</xpos><ypos>88.08740713032742</ypos></destination></position_change><position_change><node_id>85</node_id><start_time>0.0</start_time><end_time>19.116</end_time><destination><xpos>122.90701997800782</xpos><ypos>278.68941967865527</ypos></destination></position_change><position_change><node_id>8</node_id><start_time>0.0</start_time><end_time>23.694</end_time><destination><xpos>67.72292789831249</xpos><ypos>152.94015321826868</ypos></destination></position_change><position_change><node_id>97</node_id><start_time>0.0</start_time><end_time>30.493000000000002</end_time><destination><xpos>108.15547434119412</xpos><ypos>389.87285693525655</ypos></destination></position_change><position_change><node_id>75</node_id><start_time>0.0</start_time><end_time>30.723999999999997</end_time><destination><xpos>98.72730896984841</xpos><ypos>323.8484628958943</ypos></destination></position_change><position_change><node_id>41</node_id><start_time>0.0</start_time><end_time>33.019999999999996</end_time><destination><xpos>109.52287179370418</xpos><ypos>390.5042335905953</ypos></destination></position_change><position_change><node_id>31</node_id><start_time>0.0</start_time><end_time>33.20900000000001</end_time><destination><xpos>492.23136918359734</xpos><ypos>118.18857984480024</ypos></destination></position_change><position_change><node_id>57</node_id><start_time>0.0</start_time><end_time>34.537</end_time><destination><xpos>301.7290930403979</xpos><ypos>122.16356723934643</ypos></destination></position_change><position_change><node_id>36</node_id><start_time>0.0</start_time><end_time>37.191</end_time><destination><xpos>489.27033862018214</xpos><ypos>57.71673742443994</ypos></destination></position_change><position_change><node_id>54</node_id><start_time>0.0</start_time><end_time>38.956</end_time><destination><xpos>470.80953738377843</xpos><ypos>405.1313558149198</ypos></destination></position_change><position_change><node_id>35</node_id><start_time>0.0</start_time><end_time>40.481</end_time><destination><xpos>106.43950804445797</xpos><ypos>10.506631413352153</ypos></destination></position_change><position_change><node_id>1</node_id><start_time>0.0</start_time><end_time>41.744</end_time><destination><xpos>204.8708363876559</xpos><ypos>207.68770336539723</ypos></destination></position_change><position_change><node_id>25</node_id><start_time>0.0</start_time><end_time>43.95400000000001</end_time><destination><xpos>216.17104951404852</xpos><ypos>70.4061016661592</ypos></destination></position_change><position_change><node_id>78</node_id><start_time>0.0</start_time><end_time>44.56</end_time><destination><xpos>204.0789528538871</xpos><ypos>411.24967579192287</ypos></destination></position_change><position_change><node_id>43</node_id><start_time>0.0</start_time><end_time>47.485</end_time><destination><xpos>218.32474245918803</xpos><ypos>102.50129153147765</ypos></destination></position_change><position_change><node_id>56</node_id><start_time>0.0</start_time><end_time>50.458999999999996</end_time><destination><xpos>120.18268977468915</xpos><ypos>228.53822138948382</ypos></destination></position_change><position_change><node_id>50</node_id><start_time>0.0</start_time><end_time>51.242</end_time><destination><xpos>285.1115905239888</xpos><ypos>133.59141804347377</ypos></destination></position_change><position_change><node_id>5</node_id><start_time>0.0</start_time><end_time>52.649</end_time><destination><xpos>488.74904684669974</xpos><ypos>72.33271831790266</ypos></destination></position_change><position_change><node_id>3</node_id><start_time>0.0</start_time><end_time>60.597</end_time><destination><xpos>277.02570311036965</xpos><ypos>41.17872537942633</ypos></destination></position_change><position_change><node_id>60</node_id><start_time>0.0</start_time><end_time>62.223</end_time><destination><xpos>285.73689490901313</xpos><ypos>220.834706000077</ypos></destination></position_change><position_change><node_id>11</node_id><start_time>0.0</start_time><end_time>62.411</end_time><destination><xpos>107.85379516841644</xpos><ypos>257.371685336998</ypos></destination></position_change><position_change><node_id>93</node_id><start_time>0.0</start_time><end_time>62.87400000000001</end_time><destination><xpos>199.21694350207815</xpos><ypos>73.1704114095732</ypos></destination></position_change><position_change><node_id>12</node_id><start_time>0.0</start_time><end_time>64.28099999999999</end_time><destination><xpos>3.7293255014695035</xpos><ypos>164.63593708112333</ypos></destination></position_change><position_change><node_id>55</node_id><start_time>0.0</start_time><end_time>65.167</end_time><destination><xpos>380.8893498959345</xpos><ypos>10.521776736515847</ypos></destination></position_change><position_change><node_id>26</node_id><start_time>0.0</start_time><end_time>68.125</end_time><destination><xpos>493.0473520445652</xpos><ypos>384.595734067939</ypos></destination></position_change><position_change><node_id>74</node_id><start_time>0.0</start_time><end_time>68.613</end_time><destination><xpos>365.256290403992</xpos><ypos>229.9059045004626</ypos></destination></position_change><position_change><node_id>27</node_id><start_time>0.0</start_time><end_time>70.214</end_time><destination><xpos>192.28368522380995</xpos><ypos>182.8728788256784</ypos></destination></position_change><position_change><node_id>56</node_id><start_time>50.459</start_time><end_time>70.432</end_time><destination><xpos>175.93948271186116</xpos><ypos>145.68776414052638</ypos></destination></position_change><position_change><node_id>61</node_id><start_time>0.0</start_time><end_time>71.675</end_time><destination><xpos>91.66808158939205</xpos><ypos>219.7784059658497</ypos></destination></position_change><position_change><node_id>85</node_id><start_time>19.116</start_time><end_time>72.10699999999999</end_time><destination><xpos>281.647553536133</xpos><ypos>490.8275704924156</ypos></destination></position_change><position_change><node_id>88</node_id><start_time>0.0</start_time><end_time>72.50800000000001</end_time><destination><xpos>383.31522333427625</xpos><ypos>64.09212727084525</ypos></destination></position_change><position_change><node_id>51</node_id><start_time>0.0</start_time><end_time>73.13699999999999</end_time><destination><xpos>477.92350866132495</xpos><ypos>173.00332592634874</ypos></destination></position_change><position_change><node_id>98</node_id><start_time>0.0</start_time><end_time>74.234</end_time><destination><xpos>143.75160399852825</xpos><ypos>221.93738051118757</ypos></destination></position_change><position_change><node_id>21</node_id><start_time>0.0</start_time><end_time>74.715</end_time><destination><xpos>131.42795045064804</xpos><ypos>80.96187320407905</ypos></destination></position_change><position_change><node_id>47</node_id><start_time>0.0</start_time><end_time>75.59599999999999</end_time><destination><xpos>448.6505314395008</xpos><ypos>134.9158540947661</ypos></destination></position_change><position_change><node_id>49</node_id><start_time>0.0</start_time><end_time>76.183</end_time><destination><xpos>319.252320766596</xpos><ypos>59.905332117090936</ypos></destination></position_change><position_change><node_id>79</node_id><start_time>0.0</start_time><end_time>77.35999999999999</end_time><destination><xpos>259.88436510561655</xpos><ypos>148.4698823505771</ypos></destination></position_change><position_change><node_id>20</node_id><start_time>0.0</start_time><end_time>78.11900000000001</end_time><destination><xpos>377.3961778448636</xpos><ypos>156.9543068249223</ypos></destination></position_change><position_change><node_id>55</node_id><start_time>65.167</start_time><end_time>80.863</end_time><destination><xpos>455.91507582439084</xpos><ypos>12.505399575575801</ypos></destination></position_change><position_change><node_id>71</node_id><start_time>0.0</start_time><end_time>81.41000000000001</end_time><destination><xpos>89.02161215303244</xpos><ypos>101.19242714071174</ypos></destination></position_change><position_change><node_id>80</node_id><start_time>6.824</start_time><end_time>81.73199999999999</end_time><destination><xpos>161.55514028241393</xpos><ypos>155.48509471102074</ypos></destination></position_change><position_change><node_id>86</node_id><start_time>0.0</start_time><end_time>82.983</end_time><destination><xpos>4.495710824635296</xpos><ypos>165.85966612913882</ypos></destination></position_change><position_change><node_id>26</node_id><start_time>68.125</start_time><end_time>83.054</end_time><destination><xpos>418.5612856365983</xpos><ypos>379.7272706483425</ypos></destination></position_change><position_change><node_id>2</node_id><start_time>0.0</start_time><end_time>83.51899999999999</end_time><destination><xpos>463.2638794398262</xpos><ypos>499.3363051764528</ypos></destination></position_change><position_change><node_id>15</node_id><start_time>0.0</start_time><end_time>85.506</end_time><destination><xpos>259.04563980302123</xpos><ypos>16.187282627329864</ypos></destination></position_change><position_change><node_id>45</node_id><start_time>0.0</start_time><end_time>85.6</end_time><destination><xpos>226.0281502521064</xpos><ypos>305.92280649057125</ypos></destination></position_change><position_change><node_id>13</node_id><start_time>0.0</start_time><end_time>86.464</end_time><destination><xpos>165.26505784932752</xpos><ypos>471.8343244125993</ypos></destination></position_change><position_change><node_id>40</node_id><start_time>0.0</start_time><end_time>87.524</end_time><destination><xpos>335.2539643987431</xpos><ypos>448.43991896778937</ypos></destination></position_change><position_change><node_id>96</node_id><start_time>0.0</start_time><end_time>87.745</end_time><destination><xpos>474.81850800001286</xpos><ypos>100.68893673340106</ypos></destination></position_change><position_change><node_id>97</node_id><start_time>30.493</start_time><end_time>88.57700000000001</end_time><destination><xpos>304.51339245442136</xpos><ypos>175.8930812688652</ypos></destination></position_change><position_change><node_id>48</node_id><start_time>0.0</start_time><end_time>89.569</end_time><destination><xpos>4.869021993728907</xpos><ypos>61.555666437475054</ypos></destination></position_change><position_change><node_id>16</node_id><start_time>0.0</start_time><end_time>91.619</end_time><destination><xpos>276.0330686114978</xpos><ypos>464.8971537943551</ypos></destination></position_change><position_change><node_id>50</node_id><start_time>51.242</start_time><end_time>94.35999999999999</end_time><destination><xpos>470.168071101485</xpos><ypos>244.19497628764043</ypos></destination></position_change><position_change><node_id>18</node_id><start_time>0.0</start_time><end_time>95.339</end_time><destination><xpos>202.41645963963816</xpos><ypos>454.29571716621433</ypos></destination></position_change><position_change><node_id>83</node_id><start_time>0.0</start_time><end_time>96.16300000000001</end_time><destination><xpos>269.9018168246208</xpos><ypos>287.07249588779877</ypos></destination></position_change><position_change><node_id>44</node_id><start_time>0.0</start_time><end_time>97.373</end_time><destination><xpos>373.874463085896</xpos><ypos>52.86645906557794</ypos></destination></position_change><position_change><node_id>92</node_id><start_time>0.0</start_time><end_time>98.91899999999998</end_time><destination><xpos>223.32060474019306</xpos><ypos>30.689666272329944</ypos></destination></position_change><position_change><node_id>6</node_id><start_time>0.0</start_time><end_time>99.63</end_time><destination><xpos>130.60517152919238</xpos><ypos>240.638868467089</ypos></destination></position_change><position_change><node_id>60</node_id><start_time>62.223</start_time><end_time>101.607</end_time><destination><xpos>332.91730074588173</xpos><ypos>412.0191606638084</ypos></destination></position_change><position_change><node_id>58</node_id><start_time>0.0</start_time><end_time>102.82799999999999</end_time><destination><xpos>377.57401093517035</xpos><ypos>429.61257014543884</ypos></destination></position_change><position_change><node_id>14</node_id><start_time>0.0</start_time><end_time>105.766</end_time><destination><xpos>260.68039562482596</xpos><ypos>436.7605794241935</ypos></destination></position_change><position_change><node_id>30</node_id><start_time>0.0</start_time><end_time>106.13499999999999</end_time><destination><xpos>416.3490033459766</xpos><ypos>287.3420314355651</ypos></destination></position_change><position_change><node_id>94</node_id><start_time>0.0</start_time><end_time>107.473</end_time><destination><xpos>69.37622701384922</xpos><ypos>417.2852287626015</ypos></destination></position_change><position_change><node_id>0</node_id><start_time>13.204</start_time><end_time>108.92099999999999</end_time><destination><xpos>423.88728394273244</xpos><ypos>454.291470109804</ypos></destination></position_change><position_change><node_id>76</node_id><start_time>0.0</start_time><end_time>109.66000000000001</end_time><destination><xpos>71.41015021993843</xpos><ypos>322.38778655653164</ypos></destination></position_change><position_change><node_id>5</node_id><start_time>52.649</start_time><end_time>111.196</end_time><destination><xpos>268.5242979476201</xpos><ypos>265.19235690860756</ypos></destination></position_change><position_change><node_id>25</node_id><start_time>43.954</start_time><end_time>112.00900000000001</end_time><destination><xpos>71.173563549595</xpos><ypos>111.85785244519272</ypos></destination></position_change><position_change><node_id>84</node_id><start_time>0.0</start_time><end_time>114.579</end_time><destination><xpos>25.558106440034067</xpos><ypos>273.0759180271102</ypos></destination></position_change><position_change><node_id>33</node_id><start_time>0.0</start_time><end_time>116.31599999999999</end_time><destination><xpos>89.3867471520917</xpos><ypos>261.04937159518477</ypos></destination></position_change><position_change><node_id>81</node_id><start_time>0.0</start_time><end_time>116.41300000000001</end_time><destination><xpos>202.856142318632</xpos><ypos>187.66886985902977</ypos></destination></position_change><position_change><node_id>91</node_id><start_time>0.0</start_time><end_time>117.70800000000001</end_time><destination><xpos>29.32915035150728</xpos><ypos>51.6123135250495</ypos></destination></position_change><position_change><node_id>72</node_id><start_time>0.0</start_time><end_time>117.87899999999999</end_time><destination><xpos>229.52199992091707</xpos><ypos>367.6678739873833</ypos></destination></position_change><position_change><node_id>46</node_id><start_time>0.0</start_time><end_time>118.002</end_time><destination><xpos>10.641262918646191</xpos><ypos>32.70030399766472</ypos></destination></position_change><position_change><node_id>19</node_id><start_time>0.0</start_time><end_time>118.68700000000001</end_time><destination><xpos>394.10428676252496</xpos><ypos>207.85807018716343</ypos></destination></position_change><position_change><node_id>4</node_id><start_time>0.0</start_time><end_time>118.832</end_time><destination><xpos>309.20233447737576</xpos><ypos>338.096498482082</ypos></destination></position_change><position_change><node_id>52</node_id><start_time>0.0</start_time><end_time>119.742</end_time><destination><xpos>291.37255703790663</xpos><ypos>146.3207657881137</ypos></destination></position_change><position_change><node_id>66</node_id><start_time>0.0</start_time><end_time>121.27400000000003</end_time><destination><xpos>245.87636901834662</xpos><ypos>195.30486542427423</ypos></destination></position_change><position_change><node_id>86</node_id><start_time>82.983</start_time><end_time>123.25900000000001</end_time><destination><xpos>190.89303610749008</xpos><ypos>117.10372318580252</ypos></destination></position_change><position_change><node_id>34</node_id><start_time>0.0</start_time><end_time>124.01699999999998</end_time><destination><xpos>481.3654325199068</xpos><ypos>41.52684123783695</ypos></destination></position_change><position_change><node_id>48</node_id><start_time>89.569</start_time><end_time>125.53900000000002</end_time><destination><xpos>164.54857743020165</xpos><ypos>144.31110176114692</ypos></destination></position_change><position_change><node_id>64</node_id><start_time>0.0</start_time><end_time>126.41499999999999</end_time><destination><xpos>466.7191663885918</xpos><ypos>8.093675027903515</ypos></destination></position_change><position_change><node_id>78</node_id><start_time>44.56</start_time><end_time>127.352</end_time><destination><xpos>237.03100513127225</xpos><ypos>1.3967150207298005</ypos></destination></position_change><position_change><node_id>41</node_id><start_time>33.02</start_time><end_time>127.43200000000002</end_time><destination><xpos>464.83184838287286</xpos><ypos>79.70498205488519</ypos></destination></position_change><position_change><node_id>35</node_id><start_time>40.481</start_time><end_time>128.803</end_time><destination><xpos>271.70935684660344</xpos><ypos>238.59176482103788</ypos></destination></position_change><position_change><node_id>10</node_id><start_time>0.0</start_time><end_time>129.08499999999998</end_time><destination><xpos>259.7144172100561</xpos><ypos>163.423466608928</ypos></destination></position_change><position_change><node_id>53</node_id><start_time>0.0</start_time><end_time>132.97700000000003</end_time><destination><xpos>0.5175225450876155</xpos><ypos>431.74675710324414</ypos></destination></position_change><position_change><node_id>9</node_id><start_time>0.0</start_time><end_time>133.02799999999996</end_time><destination><xpos>282.03448174163145</xpos><ypos>100.56511480549095</ypos></destination></position_change><position_change><node_id>43</node_id><start_time>47.485</start_time><end_time>133.421</end_time><destination><xpos>342.56118962356857</xpos><ypos>308.8260812459393</ypos></destination></position_change><position_change><node_id>57</node_id><start_time>34.537</start_time><end_time>133.766</end_time><destination><xpos>100.18016215015973</xpos><ypos>168.7467481796349</ypos></destination></position_change><position_change><node_id>65</node_id><start_time>0.0</start_time><end_time>134.37499999999997</end_time><destination><xpos>225.1465593348372</xpos><ypos>32.49678548243878</ypos></destination></position_change><position_change><node_id>63</node_id><start_time>0.0</start_time><end_time>134.48999999999998</end_time><destination><xpos>454.1391930210022</xpos><ypos>55.18041047890176</ypos></destination></position_change><position_change><node_id>22</node_id><start_time>0.0</start_time><end_time>137.49099999999999</end_time><destination><xpos>27.491031907831385</xpos><ypos>355.31840952797455</ypos></destination></position_change><position_change><node_id>71</node_id><start_time>81.41</start_time><end_time>138.391</end_time><destination><xpos>164.59570009415776</xpos><ypos>230.9965794375903</ypos></destination></position_change><position_change><node_id>37</node_id><start_time>0.0</start_time><end_time>139.393</end_time><destination><xpos>387.66109867819705</xpos><ypos>316.1740433377467</ypos></destination></position_change><position_change><node_id>87</node_id><start_time>0.0</start_time><end_time>139.90500000000003</end_time><destination><xpos>416.1495670877673</xpos><ypos>385.7601338240574</ypos></destination></position_change><position_change><node_id>38</node_id><start_time>0.0</start_time><end_time>142.017</end_time><destination><xpos>104.26025479774734</xpos><ypos>109.88433848245813</ypos></destination></position_change><position_change><node_id>7</node_id><start_time>0.0</start_time><end_time>143.03799999999998</end_time><destination><xpos>56.57694090814317</xpos><ypos>480.1749320629873</ypos></destination></position_change><position_change><node_id>77</node_id><start_time>0.0</start_time><end_time>143.165</end_time><destination><xpos>329.268762321801</xpos><ypos>363.4211213092164</ypos></destination></position_change><position_change><node_id>59</node_id><start_time>0.0</start_time><end_time>143.25000000000003</end_time><destination><xpos>360.45860918566643</xpos><ypos>112.75951591770752</ypos></destination></position_change><position_change><node_id>8</node_id><start_time>23.694</start_time><end_time>144.789</end_time><destination><xpos>268.9781825864174</xpos><ypos>350.2818035993464</ypos></destination></position_change><position_change><node_id>47</node_id><start_time>75.596</start_time><end_time>144.83100000000002</end_time><destination><xpos>345.0622162317445</xpos><ypos>195.39701513290797</ypos></destination></position_change><position_change><node_id>21</node_id><start_time>74.715</start_time><end_time>145.85899999999998</end_time><destination><xpos>53.31812758812055</xpos><ypos>384.9447757648863</ypos></destination></position_change><position_change><node_id>11</node_id><start_time>62.411</start_time><end_time>147.265</end_time><destination><xpos>438.6308778126697</xpos><ypos>8.319026765169497</ypos></destination></position_change><position_change><node_id>88</node_id><start_time>72.508</start_time><end_time>150.433</end_time><destination><xpos>5.732719285446365</xpos><ypos>85.28974431524391</ypos></destination></position_change><position_change><node_id>49</node_id><start_time>76.183</start_time><end_time>151.34000000000003</end_time><destination><xpos>471.6908225722401</xpos><ypos>283.5722790779484</ypos></destination></position_change><position_change><node_id>70</node_id><start_time>0.0</start_time><end_time>152.00300000000001</end_time><destination><xpos>439.3443345432073</xpos><ypos>308.4813906370782</ypos></destination></position_change><position_change><node_id>17</node_id><start_time>0.0</start_time><end_time>153.376</end_time><destination><xpos>425.4754508534503</xpos><ypos>258.03070466943643</ypos></destination></position_change><position_change><node_id>99</node_id><start_time>0.0</start_time><end_time>153.74299999999997</end_time><destination><xpos>66.74662904415936</xpos><ypos>219.32759936383616</ypos></destination></position_change><position_change><node_id>91</node_id><start_time>117.708</start_time><end_time>154.117</end_time><destination><xpos>98.61939751259119</xpos><ypos>77.88498808571188</ypos></destination></position_change><position_change><node_id>42</node_id><start_time>0.0</start_time><end_time>154.47500000000002</end_time><destination><xpos>497.413529310891</xpos><ypos>325.21468692213716</ypos></destination></position_change><position_change><node_id>29</node_id><start_time>0.0</start_time><end_time>155.10299999999998</end_time><destination><xpos>262.32178097256417</xpos><ypos>459.7831833196271</ypos></destination></position_change><position_change><node_id>86</node_id><start_time>123.259</start_time><end_time>156.116</end_time><destination><xpos>169.73715189954956</xpos><ypos>45.81340233628683</ypos></destination></position_change><position_change><node_id>69</node_id><start_time>0.0</start_time><end_time>156.291</end_time><destination><xpos>388.0751997086996</xpos><ypos>439.2082691663277</ypos></destination></position_change><position_change><node_id>67</node_id><start_time>0.0</start_time><end_time>160.284</end_time><destination><xpos>330.6826289550816</xpos><ypos>410.57637722597394</ypos></destination></position_change><position_change><node_id>92</node_id><start_time>98.919</start_time><end_time>160.295</end_time><destination><xpos>139.00266536359902</xpos><ypos>325.758843753281</ypos></destination></position_change><position_change><node_id>12</node_id><start_time>64.281</start_time><end_time>160.31400000000002</end_time><destination><xpos>418.47358805509214</xpos><ypos>64.06283206587153</ypos></destination></position_change><position_change><node_id>45</node_id><start_time>85.6</start_time><end_time>162.358</end_time><destination><xpos>150.43323793506096</xpos><ypos>380.5658725060489</ypos></destination></position_change><position_change><node_id>90</node_id><start_time>0.0</start_time><end_time>162.672</end_time><destination><xpos>237.46716146936546</xpos><ypos>438.18735359229083</ypos></destination></position_change><position_change><node_id>10</node_id><start_time>129.085</start_time><end_time>162.817</end_time><destination><xpos>261.73415371801013</xpos><ypos>5.2244395874978125</ypos></destination></position_change><position_change><node_id>1</node_id><start_time>41.744</start_time><end_time>163.528</end_time><destination><xpos>383.29518123204866</xpos><ypos>50.06694928340036</ypos></destination></position_change><position_change><node_id>73</node_id><start_time>0.0</start_time><end_time>164.31199999999998</end_time><destination><xpos>463.7503984880999</xpos><ypos>333.60127121481315</ypos></destination></position_change><position_change><node_id>40</node_id><start_time>87.524</start_time><end_time>168.248</end_time><destination><xpos>245.05317948435166</xpos><ypos>55.028019299226116</ypos></destination></position_change><position_change><node_id>35</node_id><start_time>128.803</start_time><end_time>169.652</end_time><destination><xpos>170.22411777836493</xpos><ypos>415.8395187595927</ypos></destination></position_change><position_change><node_id>28</node_id><start_time>0.0</start_time><end_time>170.65800000000002</end_time><destination><xpos>138.7914499102044</xpos><ypos>267.647210208705</ypos></destination></position_change><position_change><node_id>97</node_id><start_time>88.577</start_time><end_time>171.35199999999998</end_time><destination><xpos>53.843891325501374</xpos><ypos>31.16385000095707</ypos></destination></position_change><position_change><node_id>31</node_id><start_time>33.209</start_time><end_time>172.822</end_time><destination><xpos>38.033414511762146</xpos><ypos>335.809221248458</ypos></destination></position_change><position_change><node_id>66</node_id><start_time>121.274</start_time><end_time>173.32999999999998</end_time><destination><xpos>84.77566678082303</xpos><ypos>9.126644227679321</ypos></destination></position_change><position_change><node_id>75</node_id><start_time>30.724</start_time><end_time>173.565</end_time><destination><xpos>422.8882737176405</xpos><ypos>312.5542798376524</ypos></destination></position_change><position_change><node_id>93</node_id><start_time>62.874</start_time><end_time>175.51899999999998</end_time><destination><xpos>362.87852248608135</xpos><ypos>37.518093945574016</ypos></destination></position_change><position_change><node_id>38</node_id><start_time>142.017</start_time><end_time>175.78</end_time><destination><xpos>54.584316783210056</xpos><ypos>167.04119550121055</ypos></destination></position_change><position_change><node_id>89</node_id><start_time>0.0</start_time><end_time>175.901</end_time><destination><xpos>461.2363347083025</xpos><ypos>198.95959370108295</ypos></destination></position_change><position_change><node_id>56</node_id><start_time>70.432</start_time><end_time>176.80200000000002</end_time><destination><xpos>321.88189160893495</xpos><ypos>41.49744299228584</ypos></destination></position_change><position_change><node_id>95</node_id><start_time>0.0</start_time><end_time>179.316</end_time><destination><xpos>483.49824207548886</xpos><ypos>117.53538583617195</ypos></destination></position_change><position_change><node_id>0</node_id><start_time>108.921</start_time><end_time>180.0</end_time><destination><xpos>330.6935261831086</xpos><ypos>111.33297474973773</ypos></destination></position_change><position_change><node_id>1</node_id><start_time>163.528</start_time><end_time>180.0</end_time><destination><xpos>310.8829402692983</xpos><ypos>89.30515717765286</ypos></destination></position_change><position_change><node_id>2</node_id><start_time>83.519</start_time><end_time>180.0</end_time><destination><xpos>429.53470895124855</xpos><ypos>18.111901095412406</ypos></destination></position_change><position_change><node_id>3</node_id><start_time>60.597</start_time><end_time>180.0</end_time><destination><xpos>94.09895896960342</xpos><ypos>426.4679312118785</ypos></destination></position_change><position_change><node_id>4</node_id><start_time>118.832</start_time><end_time>180.0</end_time><destination><xpos>279.6603808087638</xpos><ypos>33.686612680977305</ypos></destination></position_change><position_change><node_id>5</node_id><start_time>111.196</start_time><end_time>180.0</end_time><destination><xpos>71.7325240953227</xpos><ypos>16.982691853798485</ypos></destination></position_change><position_change><node_id>6</node_id><start_time>99.63</start_time><end_time>180.0</end_time><destination><xpos>37.54592249656788</xpos><ypos>150.2874656030065</ypos></destination></position_change><position_change><node_id>7</node_id><start_time>143.038</start_time><end_time>180.0</end_time><destination><xpos>188.75594140893486</xpos><ypos>351.01051000098255</ypos></destination></position_change><position_change><node_id>8</node_id><start_time>144.789</start_time><end_time>180.0</end_time><destination><xpos>359.224659778998</xpos><ypos>199.11654178523435</ypos></destination></position_change><position_change><node_id>9</node_id><start_time>133.028</start_time><end_time>180.0</end_time><destination><xpos>178.91454023667478</xpos><ypos>110.44554194912492</ypos></destination></position_change><position_change><node_id>10</node_id><start_time>162.817</start_time><end_time>180.0</end_time><destination><xpos>176.52861849283164</xpos><ypos>5.793908382632244</ypos></destination></position_change><position_change><node_id>11</node_id><start_time>147.265</start_time><end_time>180.0</end_time><destination><xpos>279.3409324234932</xpos><ypos>29.313657472247954</ypos></destination></position_change><position_change><node_id>12</node_id><start_time>160.314</start_time><end_time>180.0</end_time><destination><xpos>413.3899910395886</xpos><ypos>34.23580445256631</ypos></destination></position_change><position_change><node_id>13</node_id><start_time>86.464</start_time><end_time>180.0</end_time><destination><xpos>235.08022606899934</xpos><ypos>230.0736244542433</ypos></destination></position_change><position_change><node_id>14</node_id><start_time>105.766</start_time><end_time>180.0</end_time><destination><xpos>108.94964634663563</xpos><ypos>402.9848341004328</ypos></destination></position_change><position_change><node_id>15</node_id><start_time>85.506</start_time><end_time>180.0</end_time><destination><xpos>148.59928329042964</xpos><ypos>255.04606428740308</ypos></destination></position_change><position_change><node_id>16</node_id><start_time>91.619</start_time><end_time>180.0</end_time><destination><xpos>192.8660208890201</xpos><ypos>30.8887769188309</ypos></destination></position_change><position_change><node_id>17</node_id><start_time>153.376</start_time><end_time>180.0</end_time><destination><xpos>337.29430713466047</xpos><ypos>158.30598209551226</ypos></destination></position_change><position_change><node_id>18</node_id><start_time>95.339</start_time><end_time>180.0</end_time><destination><xpos>188.50483381908904</xpos><ypos>31.219376901210808</ypos></destination></position_change><position_change><node_id>19</node_id><start_time>118.687</start_time><end_time>180.0</end_time><destination><xpos>146.65437538420653</xpos><ypos>26.886689621444333</ypos></destination></position_change><position_change><node_id>20</node_id><start_time>78.119</start_time><end_time>180.0</end_time><destination><xpos>62.94491834815244</xpos><ypos>243.81228288276782</ypos></destination></position_change><position_change><node_id>21</node_id><start_time>145.859</start_time><end_time>180.0</end_time><destination><xpos>90.02611814896375</xpos><ypos>292.2483667779876</ypos></destination></position_change><position_change><node_id>22</node_id><start_time>137.491</start_time><end_time>180.0</end_time><destination><xpos>98.24770437946039</xpos><ypos>183.95579043654348</ypos></destination></position_change><position_change><node_id>23</node_id><start_time>0.0</start_time><end_time>180.0</end_time><destination><xpos>164.95237015491452</xpos><ypos>349.4021668763981</ypos></destination></position_change><position_change><node_id>24</node_id><start_time>0.0</start_time><end_time>179.99999999999997</end_time><destination><xpos>305.67110541748065</xpos><ypos>10.85489226193738</ypos></destination></position_change><position_change><node_id>25</node_id><start_time>112.009</start_time><end_time>180.0</end_time><destination><xpos>360.73370760806347</xpos><ypos>289.97108889279355</ypos></destination></position_change><position_change><node_id>26</node_id><start_time>83.054</start_time><end_time>180.0</end_time><destination><xpos>37.49654977596231</xpos><ypos>215.4883481640245</ypos></destination></position_change><position_change><node_id>27</node_id><start_time>70.214</start_time><end_time>180.0</end_time><destination><xpos>413.4268336137794</xpos><ypos>319.54114647633475</ypos></destination></position_change><position_change><node_id>28</node_id><start_time>170.658</start_time><end_time>180.0</end_time><destination><xpos>97.57875682191403</xpos><ypos>289.63216025209573</ypos></destination></position_change><position_change><node_id>29</node_id><start_time>155.103</start_time><end_time>180.0</end_time><destination><xpos>250.39806873406303</xpos><ypos>335.87055155250897</ypos></destination></position_change><position_change><node_id>30</node_id><start_time>106.135</start_time><end_time>180.0</end_time><destination><xpos>47.11450032312001</xpos><ypos>295.51744594885236</ypos></destination></position_change><position_change><node_id>31</node_id><start_time>172.822</start_time><end_time>180.0</end_time><destination><xpos>53.93232419651584</xpos><ypos>303.6328825686759</ypos></destination></position_change><position_change><node_id>32</node_id><start_time>0.0</start_time><end_time>180.0</end_time><destination><xpos>322.2002507512418</xpos><ypos>338.13270596192694</ypos></destination></position_change><position_change><node_id>33</node_id><start_time>116.316</start_time><end_time>180.0</end_time><destination><xpos>73.2301250425437</xpos><ypos>56.96047096005634</ypos></destination></position_change><position_change><node_id>34</node_id><start_time>124.017</start_time><end_time>180.0</end_time><destination><xpos>323.6303503682666</xpos><ypos>189.71340414262303</ypos></destination></position_change><position_change><node_id>35</node_id><start_time>169.652</start_time><end_time>180.0</end_time><destination><xpos>119.54018188693458</xpos><ypos>405.4392186411645</ypos></destination></position_change><position_change><node_id>36</node_id><start_time>37.191</start_time><end_time>180.00000000000003</end_time><destination><xpos>138.61058642516974</xpos><ypos>282.32121044196106</ypos></destination></position_change><position_change><node_id>37</node_id><start_time>139.393</start_time><end_time>180.0</end_time><destination><xpos>187.7023011548383</xpos><ypos>280.9648042375841</ypos></destination></position_change><position_change><node_id>38</node_id><start_time>175.78</start_time><end_time>180.0</end_time><destination><xpos>33.50204096249705</xpos><ypos>166.17653012120533</ypos></destination></position_change><position_change><node_id>39</node_id><start_time>5.747</start_time><end_time>180.0</end_time><destination><xpos>48.45540226221277</xpos><ypos>308.67667116237556</ypos></destination></position_change><position_change><node_id>40</node_id><start_time>168.248</start_time><end_time>180.0</end_time><destination><xpos>229.9835205858765</xpos><ypos>1.766725005890784</ypos></destination></position_change><position_change><node_id>41</node_id><start_time>127.432</start_time><end_time>180.0</end_time><destination><xpos>202.2693406304689</xpos><ypos>67.6304169377129</ypos></destination></position_change><position_change><node_id>42</node_id><start_time>154.475</start_time><end_time>180.0</end_time><destination><xpos>488.8523967599933</xpos><ypos>197.87715265024244</ypos></destination></position_change><position_change><node_id>43</node_id><start_time>133.421</start_time><end_time>180.0</end_time><destination><xpos>221.81941886145023</xpos><ypos>109.67411460180077</ypos></destination></position_change><position_change><node_id>44</node_id><start_time>97.373</start_time><end_time>180.0</end_time><destination><xpos>28.251538261736187</xpos><ypos>147.60402957044204</ypos></destination></position_change><position_change><node_id>45</node_id><start_time>162.358</start_time><end_time>180.0</end_time><destination><xpos>87.04428848951727</xpos><ypos>319.2238380745898</ypos></destination></position_change><position_change><node_id>46</node_id><start_time>118.002</start_time><end_time>180.0</end_time><destination><xpos>320.53988018098767</xpos><ypos>40.226732027533274</ypos></destination></position_change><position_change><node_id>47</node_id><start_time>144.831</start_time><end_time>180.0</end_time><destination><xpos>338.85413232527026</xpos><ypos>19.66163531651992</ypos></destination></position_change><position_change><node_id>48</node_id><start_time>125.539</start_time><end_time>180.0</end_time><destination><xpos>241.09437176128347</xpos><ypos>117.01389588588978</ypos></destination></position_change><position_change><node_id>49</node_id><start_time>151.34</start_time><end_time>180.0</end_time><destination><xpos>361.49007879772967</xpos><ypos>191.97159091707974</ypos></destination></position_change><position_change><node_id>50</node_id><start_time>94.36</start_time><end_time>180.0</end_time><destination><xpos>55.68273212308577</xpos><ypos>136.69081928912487</ypos></destination></position_change><position_change><node_id>51</node_id><start_time>73.137</start_time><end_time>180.0</end_time><destination><xpos>56.152847920624026</xpos><ypos>157.03571605038812</ypos></destination></position_change><position_change><node_id>52</node_id><start_time>119.742</start_time><end_time>180.0</end_time><destination><xpos>9.19967196378201</xpos><ypos>125.5361740683712</ypos></destination></position_change><position_change><node_id>53</node_id><start_time>132.977</start_time><end_time>180.0</end_time><destination><xpos>231.8912487008664</xpos><ypos>467.3167764024491</ypos></destination></position_change><position_change><node_id>54</node_id><start_time>38.956</start_time><end_time>180.0</end_time><destination><xpos>234.2649184543949</xpos><ypos>419.45825794007953</ypos></destination></position_change><position_change><node_id>55</node_id><start_time>80.863</start_time><end_time>180.0</end_time><destination><xpos>0.2939728572427498</xpos><ypos>207.73098641295587</ypos></destination></position_change><position_change><node_id>56</node_id><start_time>176.802</start_time><end_time>180.0</end_time><destination><xpos>309.95114165029645</xpos><ypos>30.851443488977207</ypos></destination></position_change><position_change><node_id>57</node_id><start_time>133.766</start_time><end_time>180.0</end_time><destination><xpos>117.15913844935903</xpos><ypos>89.98636908638767</ypos></destination></position_change><position_change><node_id>58</node_id><start_time>102.828</start_time><end_time>180.0</end_time><destination><xpos>102.13006855580534</xpos><ypos>159.3930774982336</ypos></destination></position_change><position_change><node_id>59</node_id><start_time>143.25</start_time><end_time>180.0</end_time><destination><xpos>180.0990988984052</xpos><ypos>77.62392784892299</ypos></destination></position_change><position_change><node_id>60</node_id><start_time>101.607</start_time><end_time>180.0</end_time><destination><xpos>360.822973149775</xpos><ypos>21.04878496676588</ypos></destination></position_change><position_change><node_id>61</node_id><start_time>71.675</start_time><end_time>180.0</end_time><destination><xpos>89.19521505883446</xpos><ypos>290.756713835458</ypos></destination></position_change><position_change><node_id>62</node_id><start_time>0.0</start_time><end_time>180.00000000000003</end_time><destination><xpos>171.91594111748637</xpos><ypos>408.5407676576101</ypos></destination></position_change><position_change><node_id>63</node_id><start_time>134.49</start_time><end_time>180.0</end_time><destination><xpos>468.56408045025006</xpos><ypos>171.9119168301765</ypos></destination></position_change><position_change><node_id>64</node_id><start_time>126.415</start_time><end_time>180.0</end_time><destination><xpos>203.918009246557</xpos><ypos>60.24113354514607</ypos></destination></position_change><position_change><node_id>65</node_id><start_time>134.375</start_time><end_time>180.0</end_time><destination><xpos>28.362419040114787</xpos><ypos>147.8961691613259</ypos></destination></position_change><position_change><node_id>66</node_id><start_time>173.33</start_time><end_time>180.0</end_time><destination><xpos>83.09157376342148</xpos><ypos>24.180807351640567</ypos></destination></position_change><position_change><node_id>67</node_id><start_time>160.284</start_time><end_time>180.0</end_time><destination><xpos>296.93732017342444</xpos><ypos>317.9520254861069</ypos></destination></position_change><position_change><node_id>68</node_id><start_time>0.0</start_time><end_time>180.0</end_time><destination><xpos>68.08746623585023</xpos><ypos>306.4967592317454</ypos></destination></position_change><position_change><node_id>69</node_id><start_time>156.291</start_time><end_time>180.0</end_time><destination><xpos>320.615733177454</xpos><ypos>341.7293617026114</ypos></destination></position_change><position_change><node_id>70</node_id><start_time>152.003</start_time><end_time>179.99999999999997</end_time><destination><xpos>422.9942932672343</xpos><ypos>169.45449980198123</ypos></destination></position_change><position_change><node_id>71</node_id><start_time>138.391</start_time><end_time>180.0</end_time><destination><xpos>42.88754047610317</xpos><ypos>246.2748943794685</ypos></destination></position_change><position_change><node_id>72</node_id><start_time>117.879</start_time><end_time>180.0</end_time><destination><xpos>63.130419204940296</xpos><ypos>471.73529254277713</ypos></destination></position_change><position_change><node_id>73</node_id><start_time>164.312</start_time><end_time>180.0</end_time><destination><xpos>468.77625625534597</xpos><ypos>255.32244678761947</ypos></destination></position_change><position_change><node_id>74</node_id><start_time>68.613</start_time><end_time>180.0</end_time><destination><xpos>68.76693542562947</xpos><ypos>119.09328413104322</ypos></destination></position_change><position_change><node_id>75</node_id><start_time>173.565</start_time><end_time>180.0</end_time><destination><xpos>392.80371469676334</xpos><ypos>301.1459524615925</ypos></destination></position_change><position_change><node_id>76</node_id><start_time>109.66</start_time><end_time>180.0</end_time><destination><xpos>280.18390206951</xpos><ypos>331.01984278228645</ypos></destination></position_change><position_change><node_id>77</node_id><start_time>143.165</start_time><end_time>180.0</end_time><destination><xpos>145.3438215885747</xpos><ypos>373.015223730975</ypos></destination></position_change><position_change><node_id>78</node_id><start_time>127.352</start_time><end_time>180.0</end_time><destination><xpos>10.35643513832727</xpos><ypos>88.57412468222807</ypos></destination></position_change><position_change><node_id>79</node_id><start_time>77.36</start_time><end_time>180.0</end_time><destination><xpos>69.49062581943843</xpos><ypos>245.0861560392816</ypos></destination></position_change><position_change><node_id>80</node_id><start_time>81.732</start_time><end_time>180.0</end_time><destination><xpos>348.8148947452908</xpos><ypos>298.7711985403805</ypos></destination></position_change><position_change><node_id>81</node_id><start_time>116.413</start_time><end_time>180.0</end_time><destination><xpos>11.011158351649726</xpos><ypos>65.86252139599469</ypos></destination></position_change><position_change><node_id>82</node_id><start_time>0.0</start_time><end_time>180.0</end_time><destination><xpos>484.1958973170456</xpos><ypos>87.3808061333665</ypos></destination></position_change><position_change><node_id>83</node_id><start_time>96.163</start_time><end_time>180.0</end_time><destination><xpos>54.74957829160559</xpos><ypos>72.68517043667657</ypos></destination></position_change><position_change><node_id>84</node_id><start_time>114.579</start_time><end_time>180.0</end_time><destination><xpos>271.8889429771362</xpos><ypos>136.9769326597701</ypos></destination></position_change><position_change><node_id>85</node_id><start_time>72.107</start_time><end_time>180.0</end_time><destination><xpos>392.5168266656426</xpos><ypos>37.12175520157007</ypos></destination></position_change><position_change><node_id>86</node_id><start_time>156.116</start_time><end_time>180.0</end_time><destination><xpos>75.1061572230808</xpos><ypos>118.65646135045881</ypos></destination></position_change><position_change><node_id>87</node_id><start_time>139.905</start_time><end_time>180.0</end_time><destination><xpos>231.24501924082062</xpos><ypos>463.2232464036342</ypos></destination></position_change><position_change><node_id>88</node_id><start_time>150.433</start_time><end_time>180.0</end_time><destination><xpos>127.55669459483204</xpos><ypos>1.5394830331548235</ypos></destination></position_change><position_change><node_id>89</node_id><start_time>175.901</start_time><end_time>180.0</end_time><destination><xpos>441.5696307953483</xpos><ypos>204.72724332638023</ypos></destination></position_change><position_change><node_id>90</node_id><start_time>162.672</start_time><end_time>180.0</end_time><destination><xpos>181.20671071438363</xpos><ypos>372.2991810508835</ypos></destination></position_change><position_change><node_id>91</node_id><start_time>154.117</start_time><end_time>180.0</end_time><destination><xpos>65.81384315176871</xpos><ypos>47.30302183568244</ypos></destination></position_change><position_change><node_id>92</node_id><start_time>160.295</start_time><end_time>180.0</end_time><destination><xpos>194.8430867415822</xpos><ypos>244.58604679931813</ypos></destination></position_change><position_change><node_id>93</node_id><start_time>175.519</start_time><end_time>180.0</end_time><destination><xpos>365.7986347488675</xpos><ypos>15.304202585149888</ypos></destination></position_change><position_change><node_id>94</node_id><start_time>107.473</start_time><end_time>180.0</end_time><destination><xpos>153.04737083883506</xpos><ypos>130.8731369381336</ypos></destination></position_change><position_change><node_id>95</node_id><start_time>179.316</start_time><end_time>180.0</end_time><destination><xpos>480.2956390898887</xpos><ypos>116.33549662602591</ypos></destination></position_change><position_change><node_id>96</node_id><start_time>87.745</start_time><end_time>180.0</end_time><destination><xpos>32.665146582382135</xpos><ypos>30.745574001375232</ypos></destination></position_change><position_change><node_id>97</node_id><start_time>171.352</start_time><end_time>180.0</end_time><destination><xpos>55.66525071430748</xpos><ypos>12.037773232167027</ypos></destination></position_change><position_change><node_id>98</node_id><start_time>74.234</start_time><end_time>180.0</end_time><destination><xpos>271.16121655522636</xpos><ypos>105.9475386908517</ypos></destination></position_change><position_change><node_id>99</node_id><start_time>153.743</start_time><end_time>180.0</end_time><destination><xpos>81.43869713298987</xpos><ypos>88.86728217783065</ypos></destination></position_change></mobility>

</simulation>