<?xml version="1.0" encoding="ISO-8859-1"?>
<OSPFASConfig xmlns:xsi="http://www.w3.org/2001/XMLSchema-instance"
              xsi:schemaLocation="OSPF.xsd">

  <!-- Areas -->
  <Area id="0.0.0.0">
    <AddressRange>
      <Address>192.168.20.1</Address>
      <Mask>255.255.255.255</Mask>
      <Status>Advertise</Status>
    </AddressRange>
    <AddressRange>
      <Address>192.168.20.2</Address>
      <Mask>255.255.255.255</Mask>
      <Status>Advertise</Status>
    </AddressRange>
    <AddressRange>
      <Address>192.168.20.3</Address>
      <Mask>255.255.255.255</Mask>
      <Status>Advertise</Status>
    </AddressRange>
    <AddressRange>
      <Address>192.168.20.4</Address>
      <Mask>255.255.255.255</Mask>
      <Status>Advertise</Status>
    </AddressRange>
    <AddressRange>
      <Address>192.168.20.5</Address>
      <Mask>255.255.255.255</Mask>
      <Status>Advertise</Status>
    </AddressRange>
    <AddressRange>
      <Address>192.168.20.6</Address>
      <Mask>255.255.255.255</Mask>
      <Status>Advertise</Status>
    </AddressRange>
    <AddressRange>
      <Address>192.168.20.7</Address>
      <Mask>255.255.255.255</Mask>
      <Status>Advertise</Status>
    </AddressRange>
    <AddressRange>
      <Address>192.168.20.8</Address>
      <Mask>255.255.255.255</Mask>
      <Status>Advertise</Status>
    </AddressRange>
    <AddressRange>
      <Address>192.168.20.9</Address>
      <Mask>255.255.255.255</Mask>
      <Status>Advertise</Status>
    </AddressRange>
    <AddressRange>
      <Address>192.168.20.10</Address>
      <Mask>255.255.255.255</Mask>
      <Status>Advertise</Status>
    </AddressRange>
  </Area>

  <Area id="0.0.0.1">
    <AddressRange>
      <Address>192.168.1.0</Address>
      <Mask>255.255.255.0</Mask>
      <Status>Advertise</Status>
    </AddressRange>
    <AddressRange>
      <Address>192.168.2.0</Address>
      <Mask>255.255.255.0</Mask>
      <Status>Advertise</Status>
    </AddressRange>
    <AddressRange>
      <Address>192.168.3.0</Address>
      <Mask>255.255.255.0</Mask>
      <Status>Advertise</Status>
    </AddressRange>
    <AddressRange>
      <Address>192.168.4.0</Address>
      <Mask>255.255.255.0</Mask>
      <Status>Advertise</Status>
    </AddressRange>
  </Area>

  <Area id="0.0.0.2">
    <AddressRange>
      <Address>192.168.6.0</Address>
      <Mask>255.255.255.0</Mask>
      <Status>Advertise</Status>
    </AddressRange>
    <AddressRange>
      <Address>192.168.7.0</Address>
      <Mask>255.255.255.0</Mask>
      <Status>Advertise</Status>
    </AddressRange>
    <AddressRange>
      <Address>192.168.8.0</Address>
      <Mask>255.255.255.0</Mask>
      <Status>Advertise</Status>
    </AddressRange>
  </Area>

  <Area id="0.0.0.3">
    <AddressRange>
      <Address>192.168.100.0</Address>
      <Mask>255.255.252.0</Mask>
      <Status>Advertise</Status>
    </AddressRange>
  </Area>

  <!-- Routers -->
  <Router id="192.168.3.2"> <!-- RT1 -->
    <RFC1583Compatible />
    <BroadcastInterface ifName="eth0">
      <AreaID>0.0.0.1</AreaID>
      <InterfaceOutputCost>3</InterfaceOutputCost>
      <RetransmissionInterval>5</RetransmissionInterval>
      <InterfaceTransmissionDelay>1</InterfaceTransmissionDelay>
      <RouterPriority>1</RouterPriority>
      <HelloInterval>10</HelloInterval>
      <RouterDeadInterval>40</RouterDeadInterval>
      <AuthenticationType>NullType</AuthenticationType>
      <AuthenticationKey>0x00</AuthenticationKey>
    </BroadcastInterface>
    <BroadcastInterface ifName="eth1">
      <AreaID>0.0.0.1</AreaID>
      <InterfaceOutputCost>1</InterfaceOutputCost>
      <RetransmissionInterval>5</RetransmissionInterval>
      <InterfaceTransmissionDelay>1</InterfaceTransmissionDelay>
      <RouterPriority>1</RouterPriority>
      <HelloInterval>10</HelloInterval>
      <RouterDeadInterval>40</RouterDeadInterval>
      <AuthenticationType>NullType</AuthenticationType>
      <AuthenticationKey>0x00</AuthenticationKey>
    </BroadcastInterface>
  </Router>

  <Router id="192.168.3.3"> <!-- RT2 -->
    <RFC1583Compatible />
    <BroadcastInterface ifName="eth0">
      <AreaID>0.0.0.1</AreaID>
      <InterfaceOutputCost>3</InterfaceOutputCost>
      <RetransmissionInterval>5</RetransmissionInterval>
      <InterfaceTransmissionDelay>1</InterfaceTransmissionDelay>
      <RouterPriority>1</RouterPriority>
      <HelloInterval>10</HelloInterval>
      <RouterDeadInterval>40</RouterDeadInterval>
      <AuthenticationType>NullType</AuthenticationType>
      <AuthenticationKey>0x00</AuthenticationKey>
    </BroadcastInterface>
    <BroadcastInterface ifName="eth1">
      <AreaID>0.0.0.1</AreaID>
      <InterfaceOutputCost>1</InterfaceOutputCost>
      <RetransmissionInterval>5</RetransmissionInterval>
      <InterfaceTransmissionDelay>1</InterfaceTransmissionDelay>
      <RouterPriority>1</RouterPriority>
      <HelloInterval>10</HelloInterval>
      <RouterDeadInterval>40</RouterDeadInterval>
      <AuthenticationType>NullType</AuthenticationType>
      <AuthenticationKey>0x00</AuthenticationKey>
    </BroadcastInterface>
  </Router>

  <Router id="192.168.20.1"> <!-- RT3 -->
    <RFC1583Compatible />
    <BroadcastInterface ifName="eth0">
      <AreaID>0.0.0.1</AreaID>
      <InterfaceOutputCost>1</InterfaceOutputCost>
      <RetransmissionInterval>5</RetransmissionInterval>
      <InterfaceTransmissionDelay>1</InterfaceTransmissionDelay>
      <RouterPriority>1</RouterPriority>
      <HelloInterval>10</HelloInterval>
      <RouterDeadInterval>40</RouterDeadInterval>
      <AuthenticationType>NullType</AuthenticationType>
      <AuthenticationKey>0x00</AuthenticationKey>
    </BroadcastInterface>
    <BroadcastInterface ifName="eth1">
      <AreaID>0.0.0.1</AreaID>
      <InterfaceOutputCost>2</InterfaceOutputCost>
      <RetransmissionInterval>5</RetransmissionInterval>
      <InterfaceTransmissionDelay>1</InterfaceTransmissionDelay>
      <RouterPriority>1</RouterPriority>
      <HelloInterval>10</HelloInterval>
      <RouterDeadInterval>40</RouterDeadInterval>
      <AuthenticationType>NullType</AuthenticationType>
      <AuthenticationKey>0x00</AuthenticationKey>
    </BroadcastInterface>
    <PointToPointInterface ifName="eth2">
      <AreaID>0.0.0.0</AreaID>
      <InterfaceOutputCost>8</InterfaceOutputCost>
      <RetransmissionInterval>5</RetransmissionInterval>
      <InterfaceTransmissionDelay>1</InterfaceTransmissionDelay>
      <HelloInterval>10</HelloInterval>
      <RouterDeadInterval>40</RouterDeadInterval>
      <AuthenticationType>NullType</AuthenticationType>
      <AuthenticationKey>0x00</AuthenticationKey>
    </PointToPointInterface>
  </Router>

  <Router id="192.168.20.2"> <!-- RT4 -->
    <RFC1583Compatible />
    <BroadcastInterface ifName="eth0">
      <AreaID>0.0.0.1</AreaID>
      <InterfaceOutputCost>1</InterfaceOutputCost>
      <RetransmissionInterval>5</RetransmissionInterval>
      <InterfaceTransmissionDelay>1</InterfaceTransmissionDelay>
      <RouterPriority>1</RouterPriority>
      <HelloInterval>10</HelloInterval>
      <RouterDeadInterval>40</RouterDeadInterval>
      <AuthenticationType>NullType</AuthenticationType>
      <AuthenticationKey>0x00</AuthenticationKey>
    </BroadcastInterface>
    <PointToPointInterface ifName="eth1">
      <AreaID>0.0.0.0</AreaID>
      <InterfaceOutputCost>8</InterfaceOutputCost>
      <RetransmissionInterval>5</RetransmissionInterval>
      <InterfaceTransmissionDelay>1</InterfaceTransmissionDelay>
      <HelloInterval>10</HelloInterval>
      <RouterDeadInterval>40</RouterDeadInterval>
      <AuthenticationType>NullType</AuthenticationType>
      <AuthenticationKey>0x00</AuthenticationKey>
    </PointToPointInterface>
  </Router>

  <Router id="192.168.20.5"> <!-- RT5 -->
    <RFC1583Compatible />
    <ExternalInterface ifName="eth0">
      <AdvertisedExternalNetwork>
        <Address>192.168.13.0</Address>
        <Mask>255.255.255.0</Mask>
      </AdvertisedExternalNetwork>
      <ExternalInterfaceOutputParameters>
        <ExternalInterfaceOutputType>Type2</ExternalInterfaceOutputType>
        <ExternalInterfaceOutputCost>8</ExternalInterfaceOutputCost>
      </ExternalInterfaceOutputParameters>
      <ForwardingAddress>0.0.0.0</ForwardingAddress>
      <ExternalRouteTag>0x00</ExternalRouteTag>
    </ExternalInterface>
    <PointToPointInterface ifName="eth1">
      <AreaID>0.0.0.0</AreaID>
      <InterfaceOutputCost>8</InterfaceOutputCost>
      <RetransmissionInterval>5</RetransmissionInterval>
      <InterfaceTransmissionDelay>1</InterfaceTransmissionDelay>
      <HelloInterval>10</HelloInterval>
      <RouterDeadInterval>40</RouterDeadInterval>
      <AuthenticationType>NullType</AuthenticationType>
      <AuthenticationKey>0x00</AuthenticationKey>
    </PointToPointInterface>
    <PointToPointInterface ifName="eth2">
      <AreaID>0.0.0.0</AreaID>
      <InterfaceOutputCost>7</InterfaceOutputCost>
      <RetransmissionInterval>5</RetransmissionInterval>
      <InterfaceTransmissionDelay>1</InterfaceTransmissionDelay>
      <HelloInterval>10</HelloInterval>
      <RouterDeadInterval>40</RouterDeadInterval>
      <AuthenticationType>NullType</AuthenticationType>
      <AuthenticationKey>0x00</AuthenticationKey>
    </PointToPointInterface>
    <PointToPointInterface ifName="eth3">
      <AreaID>0.0.0.0</AreaID>
      <InterfaceOutputCost>6</InterfaceOutputCost>
      <RetransmissionInterval>5</RetransmissionInterval>
      <InterfaceTransmissionDelay>1</InterfaceTransmissionDelay>
      <HelloInterval>10</HelloInterval>
      <RouterDeadInterval>40</RouterDeadInterval>
      <AuthenticationType>NullType</AuthenticationType>
      <AuthenticationKey>0x00</AuthenticationKey>
    </PointToPointInterface>
    <ExternalInterface ifName="eth4">
      <AdvertisedExternalNetwork>
        <Address>192.168.12.0</Address>
        <Mask>255.255.255.0</Mask>
      </AdvertisedExternalNetwork>
      <ExternalInterfaceOutputParameters>
        <ExternalInterfaceOutputType>Type2</ExternalInterfaceOutputType>
        <ExternalInterfaceOutputCost>8</ExternalInterfaceOutputCost>
      </ExternalInterfaceOutputParameters>
      <ForwardingAddress>0.0.0.0</ForwardingAddress>
      <ExternalRouteTag>0x00</ExternalRouteTag>
    </ExternalInterface>
    <ExternalInterface ifName="eth5">
      <AdvertisedExternalNetwork>
        <Address>192.168.14.0</Address>
        <Mask>255.255.255.0</Mask>
      </AdvertisedExternalNetwork>
      <ExternalInterfaceOutputParameters>
        <ExternalInterfaceOutputType>Type2</ExternalInterfaceOutputType>
        <ExternalInterfaceOutputCost>8</ExternalInterfaceOutputCost>
      </ExternalInterfaceOutputParameters>
      <ForwardingAddress>0.0.0.0</ForwardingAddress>
      <ExternalRouteTag>0x00</ExternalRouteTag>
    </ExternalInterface>
  </Router>

  <Router id="192.168.20.8"> <!-- RT6 -->
    <RFC1583Compatible />
    <PointToPointInterface ifName="eth0">
      <AreaID>0.0.0.0</AreaID>
      <InterfaceOutputCost>6</InterfaceOutputCost>
      <RetransmissionInterval>5</RetransmissionInterval>
      <InterfaceTransmissionDelay>1</InterfaceTransmissionDelay>
      <HelloInterval>10</HelloInterval>
      <RouterDeadInterval>40</RouterDeadInterval>
      <AuthenticationType>NullType</AuthenticationType>
      <AuthenticationKey>0x00</AuthenticationKey>
    </PointToPointInterface>
    <PointToPointInterface ifName="eth1">
      <AreaID>0.0.0.0</AreaID>
      <InterfaceOutputCost>7</InterfaceOutputCost>
      <RetransmissionInterval>5</RetransmissionInterval>
      <InterfaceTransmissionDelay>1</InterfaceTransmissionDelay>
      <HelloInterval>10</HelloInterval>
      <RouterDeadInterval>40</RouterDeadInterval>
      <AuthenticationType>NullType</AuthenticationType>
      <AuthenticationKey>0x00</AuthenticationKey>
    </PointToPointInterface>
    <PointToPointInterface ifName="eth2">
      <AreaID>0.0.0.0</AreaID>
      <InterfaceOutputCost>6</InterfaceOutputCost>
      <RetransmissionInterval>5</RetransmissionInterval>
      <InterfaceTransmissionDelay>1</InterfaceTransmissionDelay>
      <HelloInterval>10</HelloInterval>
      <RouterDeadInterval>40</RouterDeadInterval>
      <AuthenticationType>NullType</AuthenticationType>
      <AuthenticationKey>0x00</AuthenticationKey>
    </PointToPointInterface>
  </Router>

  <Router id="192.168.20.9"> <!-- RT7 -->
    <RFC1583Compatible />
    <PointToPointInterface ifName="eth0">
      <AreaID>0.0.0.0</AreaID>
      <InterfaceOutputCost>6</InterfaceOutputCost>
      <RetransmissionInterval>5</RetransmissionInterval>
      <InterfaceTransmissionDelay>1</InterfaceTransmissionDelay>
      <HelloInterval>10</HelloInterval>
      <RouterDeadInterval>40</RouterDeadInterval>
      <AuthenticationType>NullType</AuthenticationType>
      <AuthenticationKey>0x00</AuthenticationKey>
    </PointToPointInterface>
    <BroadcastInterface ifName="eth1">
      <AreaID>0.0.0.2</AreaID>
      <InterfaceOutputCost>1</InterfaceOutputCost>
      <RetransmissionInterval>5</RetransmissionInterval>
      <InterfaceTransmissionDelay>1</InterfaceTransmissionDelay>
      <RouterPriority>1</RouterPriority>
      <HelloInterval>10</HelloInterval>
      <RouterDeadInterval>40</RouterDeadInterval>
      <AuthenticationType>NullType</AuthenticationType>
      <AuthenticationKey>0x00</AuthenticationKey>
    </BroadcastInterface>
    <ExternalInterface ifName="eth2">
      <AdvertisedExternalNetwork>
        <Address>192.168.15.0</Address>
        <Mask>255.255.255.0</Mask>
      </AdvertisedExternalNetwork>
      <ExternalInterfaceOutputParameters>
        <ExternalInterfaceOutputType>Type2</ExternalInterfaceOutputType>
        <ExternalInterfaceOutputCost>9</ExternalInterfaceOutputCost>
      </ExternalInterfaceOutputParameters>
      <ForwardingAddress>0.0.0.0</ForwardingAddress>
      <ExternalRouteTag>0x00</ExternalRouteTag>
    </ExternalInterface>
    <ExternalInterface ifName="eth3">
      <AdvertisedExternalNetwork>
        <Address>192.168.12.0</Address>
        <Mask>255.255.255.0</Mask>
      </AdvertisedExternalNetwork>
      <ExternalInterfaceOutputParameters>
        <ExternalInterfaceOutputType>Type2</ExternalInterfaceOutputType>
        <ExternalInterfaceOutputCost>2</ExternalInterfaceOutputCost>
      </ExternalInterfaceOutputParameters>
      <ForwardingAddress>0.0.0.0</ForwardingAddress>
      <ExternalRouteTag>0x00</ExternalRouteTag>
    </ExternalInterface>
  </Router>

  <Router id="192.168.7.1"> <!-- RT8 -->
    <RFC1583Compatible />
    <BroadcastInterface ifName="eth0">
      <AreaID>0.0.0.2</AreaID>
      <InterfaceOutputCost>1</InterfaceOutputCost>
      <RetransmissionInterval>5</RetransmissionInterval>
      <InterfaceTransmissionDelay>1</InterfaceTransmissionDelay>
      <RouterPriority>1</RouterPriority>
      <HelloInterval>10</HelloInterval>
      <RouterDeadInterval>40</RouterDeadInterval>
      <AuthenticationType>NullType</AuthenticationType>
      <AuthenticationKey>0x00</AuthenticationKey>
    </BroadcastInterface>
    <BroadcastInterface ifName="eth1">
      <AreaID>0.0.0.2</AreaID>
      <InterfaceOutputCost>4</InterfaceOutputCost>
      <RetransmissionInterval>5</RetransmissionInterval>
      <InterfaceTransmissionDelay>1</InterfaceTransmissionDelay>
      <RouterPriority>1</RouterPriority>
      <HelloInterval>10</HelloInterval>
      <RouterDeadInterval>40</RouterDeadInterval>
      <AuthenticationType>NullType</AuthenticationType>
      <AuthenticationKey>0x00</AuthenticationKey>
    </BroadcastInterface>
  </Router>

  <Router id="192.168.102.2"> <!-- RT9 -->
    <RFC1583Compatible />
    <BroadcastInterface ifName="eth0">
      <AreaID>0.0.0.3</AreaID>
      <InterfaceOutputCost>3</InterfaceOutputCost>
      <RetransmissionInterval>5</RetransmissionInterval>
      <InterfaceTransmissionDelay>1</InterfaceTransmissionDelay>
      <RouterPriority>1</RouterPriority>
      <HelloInterval>10</HelloInterval>
      <RouterDeadInterval>40</RouterDeadInterval>
      <AuthenticationType>NullType</AuthenticationType>
      <AuthenticationKey>0x00</AuthenticationKey>
    </BroadcastInterface>
    <BroadcastInterface ifName="eth1">
      <AreaID>0.0.0.3</AreaID>
      <InterfaceOutputCost>1</InterfaceOutputCost>
      <RetransmissionInterval>5</RetransmissionInterval>
      <InterfaceTransmissionDelay>1</InterfaceTransmissionDelay>
      <RouterPriority>1</RouterPriority>
      <HelloInterval>10</HelloInterval>
      <RouterDeadInterval>40</RouterDeadInterval>
      <AuthenticationType>NullType</AuthenticationType>
      <AuthenticationKey>0x00</AuthenticationKey>
    </BroadcastInterface>
  </Router>

  <Router id="192.168.20.10"> <!-- RT10 -->
    <RFC1583Compatible />
    <PointToPointInterface ifName="eth0">
      <AreaID>0.0.0.0</AreaID>
      <InterfaceOutputCost>5</InterfaceOutputCost>
      <RetransmissionInterval>5</RetransmissionInterval>
      <InterfaceTransmissionDelay>1</InterfaceTransmissionDelay>
      <HelloInterval>10</HelloInterval>
      <RouterDeadInterval>40</RouterDeadInterval>
      <AuthenticationType>NullType</AuthenticationType>
      <AuthenticationKey>0x00</AuthenticationKey>
    </PointToPointInterface>
    <BroadcastInterface ifName="eth1">
      <AreaID>0.0.0.2</AreaID>
      <InterfaceOutputCost>3</InterfaceOutputCost>
      <RetransmissionInterval>5</RetransmissionInterval>
      <InterfaceTransmissionDelay>1</InterfaceTransmissionDelay>
      <RouterPriority>1</RouterPriority>
      <HelloInterval>10</HelloInterval>
      <RouterDeadInterval>40</RouterDeadInterval>
      <AuthenticationType>NullType</AuthenticationType>
      <AuthenticationKey>0x00</AuthenticationKey>
    </BroadcastInterface>
    <BroadcastInterface ifName="eth2">
      <AreaID>0.0.0.2</AreaID>
      <InterfaceOutputCost>1</InterfaceOutputCost>
      <RetransmissionInterval>5</RetransmissionInterval>
      <InterfaceTransmissionDelay>1</InterfaceTransmissionDelay>
      <RouterPriority>1</RouterPriority>
      <HelloInterval>10</HelloInterval>
      <RouterDeadInterval>40</RouterDeadInterval>
      <AuthenticationType>NullType</AuthenticationType>
      <AuthenticationKey>0x00</AuthenticationKey>
    </BroadcastInterface>
    <VirtualLink endPointRouterID="192.168.9.4">
      <TransitAreaID>0.0.0.2</TransitAreaID>
      <RetransmissionInterval>5</RetransmissionInterval>
      <InterfaceTransmissionDelay>1</InterfaceTransmissionDelay>
      <HelloInterval>10</HelloInterval>
      <RouterDeadInterval>40</RouterDeadInterval>
      <AuthenticationType>NullType</AuthenticationType>
      <AuthenticationKey>0x00</AuthenticationKey>
    </VirtualLink>
  </Router>

  <Router id="192.168.100.4"> <!-- RT11 -->
    <RFC1583Compatible />
    <BroadcastInterface ifName="eth0">
      <AreaID>0.0.0.3</AreaID>
      <InterfaceOutputCost>1</InterfaceOutputCost>
      <RetransmissionInterval>5</RetransmissionInterval>
      <InterfaceTransmissionDelay>1</InterfaceTransmissionDelay>
      <RouterPriority>1</RouterPriority>
      <HelloInterval>10</HelloInterval>
      <RouterDeadInterval>40</RouterDeadInterval>
      <AuthenticationType>NullType</AuthenticationType>
      <AuthenticationKey>0x00</AuthenticationKey>
    </BroadcastInterface>
    <BroadcastInterface ifName="eth1">
      <AreaID>0.0.0.2</AreaID>
      <InterfaceOutputCost>2</InterfaceOutputCost>
      <RetransmissionInterval>5</RetransmissionInterval>
      <InterfaceTransmissionDelay>1</InterfaceTransmissionDelay>
      <RouterPriority>1</RouterPriority>
      <HelloInterval>10</HelloInterval>
      <RouterDeadInterval>40</RouterDeadInterval>
      <AuthenticationType>NullType</AuthenticationType>
      <AuthenticationKey>0x00</AuthenticationKey>
    </BroadcastInterface>
    <VirtualLink endPointRouterID="192.168.20.10">
      <TransitAreaID>0.0.0.2</TransitAreaID>
      <RetransmissionInterval>5</RetransmissionInterval>
      <InterfaceTransmissionDelay>1</InterfaceTransmissionDelay>
      <HelloInterval>10</HelloInterval>
      <RouterDeadInterval>40</RouterDeadInterval>
      <AuthenticationType>NullType</AuthenticationType>
      <AuthenticationKey>0x00</AuthenticationKey>
    </VirtualLink>
  </Router>

  <Router id="192.168.103.11"> <!-- RT12 -->
    <RFC1583Compatible />
    <BroadcastInterface ifName="eth0">
      <AreaID>0.0.0.3</AreaID>
      <InterfaceOutputCost>1</InterfaceOutputCost>
      <RetransmissionInterval>5</RetransmissionInterval>
      <InterfaceTransmissionDelay>1</InterfaceTransmissionDelay>
      <RouterPriority>1</RouterPriority>
      <HelloInterval>10</HelloInterval>
      <RouterDeadInterval>40</RouterDeadInterval>
      <AuthenticationType>NullType</AuthenticationType>
      <AuthenticationKey>0x00</AuthenticationKey>
    </BroadcastInterface>
    <HostInterface ifName="eth1">
      <AreaID>0.0.0.3</AreaID>
      <AttachedHost>192.168.20.12</AttachedHost>
      <LinkCost>10</LinkCost>
    </HostInterface>
    <BroadcastInterface ifName="eth2">
      <AreaID>0.0.0.3</AreaID>
      <InterfaceOutputCost>2</InterfaceOutputCost>
      <RetransmissionInterval>5</RetransmissionInterval>
      <InterfaceTransmissionDelay>1</InterfaceTransmissionDelay>
      <RouterPriority>1</RouterPriority>
      <HelloInterval>10</HelloInterval>
      <RouterDeadInterval>40</RouterDeadInterval>
      <AuthenticationType>NullType</AuthenticationType>
      <AuthenticationKey>0x00</AuthenticationKey>
    </BroadcastInterface>
  </Router>

</OSPFASConfig>
