<?xml version="1.0" ?>
<configurations>

<!-- 
	Traffic configuration for scheduler testing.
	 All generators produce the same CBR traffic.
--> 

	
<!-- Attention: packet sizes are given in bits -->
	
<!-- Mobilestation Traffic Section -->
	
	<!-- config id 0: FTP-Traffic (BE)
	     - constant traffic
	     - datarate ->  variable
	-->
	<config id="0" 
		packetSize="128"  
		interDepartureTime="0.002" 
		firstPacketTime="1"
	/>
	
	
	<!-- config id 1: VoIP-Traffic without Silence Suppression (UGS) -->
	<config id="1" 
		packetSize="128" 
		interDepartureTime="0.002" 
		firstPacketTime="10" 
	/>
	
	
	<!-- config id 2: VoIP-Traffic with Silence Suppression (ertPS) -->
	<config id="2" 
		packetSize="128" 
		interDepartureTime="0.002"
		firstPacketTime="20"
	 />


	<!-- config id 3: Video Stream with Constant Bitrate (rtPS)	-->
	<config id="3" 
		packetSize="128" 
		interDepartureTime="0.002" 
		firstPacketTime="30" />
	
	
	<!-- config id 4: Variable Internet Access (nrtPS) -->
	<config id="4" 
		packetSize="128" 
		interDepartureTime="0.002" 
		firstPacketTime="40"
	/>



	
<!-- Basestation Traffic Section -->

	<!-- config id 0: FTP-Traffic (BE)-->
	<config id="100" 
		packetSize="128"  
		interDepartureTime="0.002" 
		firstPacketTime="1"
	/>
	
	
	<!-- config id 1: VoIP-Traffic without Silence Suppression (UGS) -->
	<config id="101" 
		packetSize="128" 
		interDepartureTime="0.002" 
		firstPacketTime="10"
		onLength="uniform(10,120)"		
		offLength="uniform(10,240)" />
	
	
	<!-- config id 2: VoIP-Traffic with Silence Suppression (ertPS)	-->
	<config id="102" 
		packetSize="128" 
		interDepartureTime="0.002"
		firstPacketTime="30"
		onLength="uniform(5,20)"		
		offLength="uniform(2,15)"
	/>


	<!-- config id 3: Video Stream with Constant Bitrate (rtPS) -->
	<config id="103" 
		packetSize="128" 
		interDepartureTime="0.002" 
		firstPacketTime="20"
		onLength="uniform(120,600)"		
		offLength="uniform(10,30)" />
	
	
	<!-- config id 4: Variable Internet Access (nrtPS) -->
	<config id="104" 
		packetSize="128" 
		interDepartureTime="0.002" 
		firstPacketTime="40"
		onLength="uniform(0.01,5)"		
		offLength="uniform(1,7)" />




	
	<!-- config id 20: sends traffic to a random host
		with a packet size of 50 bytes.
		There is an "on" period lasting 25 seconds where the regular 
		interdeparture time of 10 seconds is used, followed by an "off"
		period lasting 350 seconds, where the interdeparture time indicated
		by offInterDepartureTime (200 seconds) is used.
		During "on" periods, all packets are sent to the same destination host.
	-->
	<config id="20" 
		packetSize="50" 
		interDepartureTime="10"
		firstPacketTime="5"
		onLength="25"
		offLength="350"
		offInterDepartureTime="200"
		onIdenticalTrafDest="true"
		trafDest="host[*]"  />
		
	<!-- more distributions are available for use here!
		Just have a look in the omnet++ manual...
		All distributions available inside the simulator can be used here too.
	-->
	<!-- for more information have a look at our wiki:
		https://faui7as.informatik.uni-erlangen.de/wiki/index.php/Simulation_mit_OMNeT
	-->
</configurations>